{
  "meta_title": "",
  "meta_description": "",
  "sections": [
    {
      "type": "banner-slider",
      "autoplay": 9000,
      "full_width": false,
      "slides": [
        {
          "img": "/img/uploads/rect89.webp",
          "link": "/headset",
          "alt": "Headset banner",
          "start": "2020-04-11T05:54:06.750Z",
          "end": "2020-12-31T03:00:00.000Z",
          "mobile_img": "/img/uploads/headphone.webp"
        },
        {
          "img": "/img/uploads/banner2.webp",
          "alt": "Banner sample two",
          "start": "",
          "end": "",
          "mobile_img": "/img/uploads/passion.webp"
        }
      ]
    },
    {
      "type": "banners-grid",
      "banners": [
        {
          "img": "/img/uploads/salopete-4-.png"
        },
        {
          "img": "/img/uploads/salopete-2-.png"
        }
      ]
    },
    {
      "type": "custom-html",
      "html": "<div class=\"banners-grid my-3 my-md-4 my-lg-5\">\n <div class=\"container\">\n  <div class=\"row\">\n   <div class=\"col-12 col-lg-6 mb-3 mb-lg-0\">\n    <div class=\"banner\">\n     <a href=\"javascript:;\" aria-label=\"\" style=\"min-height: 510px;\">\n      <picture class=\"lozad fade img-fluid show\" data-iesrc=\"/img/uploads/salopete-4-.png\" data-alt=\"\" data-width=\"1080\" data-height=\"1080\" data-loaded=\"true\">\n       <source srcset=\"/img/uploads/salopete-4-.png\" media=\"\">\n        <img>\n       </picture>\n      </a>\n     </div>\n    </div>\n    \n<article class=\"product-item\" data-product=\"{&quot;_id&quot;:&quot;625e05323da6d37bc2e9ba53&quot;,&quot;sku&quot;:&quot;CKJ3666&quot;,&quot;slug&quot;:&quot;blusa&quot;,&quot;name&quot;:&quot;Blusa&quot;,&quot;price&quot;:55,&quot;pictures&quot;:[{&quot;_id&quot;:&quot;209220165032998272200000&quot;,&quot;normal&quot;:{&quot;url&quot;:&quot;https://ecoms1-nyc3.nyc3.cdn.digitaloceanspaces.com/49719/imgs/normal/@v3/1650328945709-letieroupas_278276133_286178720360947_1172985503373650882_n.jpg.webp&quot;}}]}\">\n<div class=\"col-12 col-lg-6 mb-3 mb-lg-0\">\n  <div data-product-id=\"625e05323da6d37bc2e9ba53\" data-sku=\"CKJ3666\" class=\"product-card\">\n<section><!----><a href=\"/blusa\" title=\"Blusa\" class=\"product-card__link\">\n<div class=\"product-card__pictures\">\n<picture data-iesrc=\"https://ecoms1-nyc3.nyc3.cdn.digitaloceanspaces.com/49719/@v3/1650328945709-letieroupas_278276133_286178720360947_1172985503373650882_n.jpg\" data-alt=\"Product\" class=\"picture product-card__picture loaded\" data-loaded=\"true\" style=\"\">\n<source srcset=\"https://ecoms1-nyc3.nyc3.cdn.digitaloceanspaces.com/49719/imgs/normal/@v3/1650328945709-letieroupas_278276133_286178720360947_1172985503373650882_n.jpg.webp\" type=\"image/webp\">\n<source srcset=\"https://ecoms1-nyc3.nyc3.cdn.digitaloceanspaces.com/49719/imgs/normal/@v3/1650328945709-letieroupas_278276133_286178720360947_1172985503373650882_n.jpg\" type=\"image/jpeg\">\n<img alt=\"Product\" style=\"\">\n</picture>\n</div><span><h3 class=\"product-card__name\">Blusa</h3></span></a>\n<div data-sku=\"CKJ3666\" class=\"product-card__rating\">\n</div>\n<div class=\"prices product-card__prices\"><!----><strong class=\"prices__value\"><!----> R$&nbsp;55,00 </strong><span></span></div><div class=\"product-card__buy fade\"><!----><button type=\"button\" class=\"btn btn-primary btn-block\"><!----><i class=\"i-shopping-bag mr-1\"></i> Comprar </button></div><a href=\"/app/#/account/\" class=\"btn product-card__favorite fade\"><i class=\"i-heart mr-1\"></i></a><!----></section><!----><div></div></div></div></article>\n</div>\n</div>\n</div>\n"
    },
    {
      "type": "banners-grid",
      "banners": [
        {
          "img": "/img/uploads/salopete-1-.png"
        },
        {
          "img": "/img/uploads/salopete-3-.png"
        }
      ]
    },
    {
      "type": "info-bar",
      "enabled": true
    },
    {
      "type": "collection-shelf",
      "shuffle": true,
      "collection_id": null,
      "sort": "offers",
      "title": "",
      "headless": false,
      "limit": 12,
      "page": 1
    },
    {
      "type": "page-title",
      "title": "Loja demo da E-Com Plus",
      "description": "Loja de demonstração e testes da plataforma E-Com Plus e Storefront. Todos os produtos, preços e informações são meramente ilustrativos."
    }
  ]
}